<?xml version="1.0" encoding="UTF-8" standalone="yes"?>
<aoeLeague updatedTime="2017-01-12T07:42:56.803Z">
    <players id="1" name="Tomcat" playerPoint="38" point="10.0" top="1"/>
    <players id="2" name="Ho" playerPoint="33.2" point="4.0" top="1"/>
    <players id="3" name="thaytu" playerPoint="33.2" point="4.0" top="1"/>
    <players id="4" name="V" playerPoint="32.4" point="3.0" top="1"/>
    <players id="5" name="LongLV" playerPoint="27.2" point="9.0" top="2"/>
    <players id="6" name="Chay___dan" playerPoint="27.2" point="9.0" top="2"/>
    <players id="7" name="Doman" playerPoint="27.2" point="9.0" top="2"/>
    <players id="8" name="Sonic3k" playerPoint="27.2" point="9.0" top="2"/>
    <players id="9" name="Hieupx" playerPoint="25.6" point="7.0" top="2"/>
    <players id="10" name="X" playerPoint="24.8" point="6.0" top="2"/>
    <players id="11" name="Farmer" playerPoint="22.4" point="3.0" top="2"/>
    <players id="12" name="Blue" playerPoint="22.4" point="3.0" top="2"/>
    <players id="13" name="ozawa" playerPoint="20.8" point="1.0" top="2"/>
    <players id="14" name="bikini" playerPoint="17.2" point="9.0" top="3"/>
    <players id="15" name="shirou" playerPoint="17.2" point="9.0" top="3"/>
    <players id="16" name="fap" playerPoint="16.4" point="8.0" top="3"/>
    <players id="17" name="HungVQ" playerPoint="16.4" point="8.0" top="3"/>
    <players id="18" name="steve" playerPoint="15.6" point="7.0" top="3"/>
    <players id="19" name="crooks" playerPoint="15.6" point="7.0" top="3"/>
    <players id="20" name="Palind" playerPoint="14" point="5.0" top="3"/>
    <players id="21" name="Chich" playerPoint="14" point="5.0" top="3"/>
    <players id="22" name="Guido" playerPoint="14" point="5.0" top="3"/>
    <players id="23" name="peotuan" playerPoint="4" point="5.0" top="4"/>
    <history>
        <matches id="20161223_173000_000_00" result="2-0" matchPoint="0.3999999999999915" date="2016-12-23T17:30:00.000Z">
            <team1 teampoint="93.6">
                <players name="Sonic3k" point="9.0" top="2" playerPoint="27.2"/>
                <players name="Farmer" point="3.0" top="2" playerPoint="22.4"/>
                <players name="peotuan" point="1.0" top="3" playerPoint="10.8"/>
                <players name="thaytu" point="4.0" top="1" playerPoint="33.2"/>
            </team1>
            <team2 teampoint="93.2" numOfShang="0">
                <players name="crooks" point="7.0" top="3" playerPoint="15.600000000000001"/>
                <players name="Ho" point="4.0" top="1" playerPoint="33.2"/>
                <players name="LongLV" point="9.0" top="2" playerPoint="27.2"/>
                <players name="bikini" point="9.0" top="3" playerPoint="17.2"/>
            </team2>
        </matches>
        <matches id="20161223_173000_000_01" result="2-1" matchPoint="1.5999999999999943" date="2016-12-23T17:30:00.000Z">
            <team1 teampoint="109.2" numOfShang="0">
                <players name="Farmer" point="3.0" top="2" playerPoint="22.4"/>
                <players name="crooks" point="7.0" top="3" playerPoint="15.600000000000001"/>
                <players name="V" point="4.0" top="1" playerPoint="33.2"/>
                <players name="Tomcat" point="10.0" top="1" playerPoint="38.0"/>
            </team1>
            <team2 teampoint="107.60000000000001" numOfShang="0">
                <players name="Sonic3k" point="9.0" top="2" playerPoint="27.2"/>
                <players name="Ho" point="4.0" top="1" playerPoint="33.2"/>
                <players name="thaytu" point="4.0" top="1" playerPoint="33.2"/>
                <players name="Guido" point="5.0" top="3" playerPoint="14.0"/>
            </team2>
        </matches>
        <matches id="20161223_193000_000_00" result="3-0" matchPoint="-9.600000000000009" date="2016-12-23T19:30:00.000Z">
            <team1 teampoint="90.0" numOfShang="0">
                <players name="Tomcat" point="10.0" top="1" playerPoint="38.0"/>
                <players name="Sonic3k" point="9.0" top="2" playerPoint="27.2"/>
                <players name="Hieupx" point="6.0" top="2" playerPoint="24.8"/>
            </team1>
            <team2 teampoint="99.60000000000001" numOfShang="0">
                <players name="V" point="4.0" top="1" playerPoint="33.2"/>
                <players name="thaytu" point="4.0" top="1" playerPoint="33.2"/>
                <players name="Ho" point="4.0" top="1" playerPoint="33.2"/>
            </team2>
        </matches>
        <matches id="20161224_074013_257_00" result="0-1" matchPoint="-0.8000000000000114" date="2016-12-24T07:40:13.257Z">
            <team1 teampoint="67.6" numOfShang="0">
                <players name="Sonic3k" point="9.0" top="2" playerPoint="27.2"/>
                <players name="Hieupx" point="6.0" top="2" playerPoint="24.8"/>
                <players name="crooks" point="7.0" top="3" playerPoint="15.600000000000001"/>
            </team1>
            <team2 teampoint="68.4">
                <players name="V" point="4.0" top="1" playerPoint="33.2"/>
                <players name="bikini" point="9.0" top="3" playerPoint="17.2"/>
                <players name="Blue" point="10.0" top="3" playerPoint="18.0"/>
            </team2>
        </matches>
        <matches id="20161224_074710_295_00" result="0-1" matchPoint="-6.0000000000000036" date="2016-12-24T07:47:10.295Z">
            <team1 teampoint="27.2" numOfShang="0">
                <players name="Sonic3k" point="9.0" top="2" playerPoint="27.2"/>
            </team1>
            <team2 teampoint="33.2">
                <players name="V" point="4.0" top="1" playerPoint="33.2"/>
            </team2>
        </matches>
        <matches id="20161224_130000_000_00" result="1-0" matchPoint="6.3999999999999915" date="2016-12-24T13:00:00.000Z">
            <team1 teampoint="84.8" numOfShang="0">
                <players name="Sonic3k" point="9.0" top="2" playerPoint="27.2"/>
                <players name="Hieupx" point="6.0" top="2" playerPoint="24.8"/>
                <players name="crooks" point="7.0" top="3" playerPoint="15.600000000000001"/>
                <players name="bikini" point="9.0" top="3" playerPoint="17.2"/>
            </team1>
            <team2 teampoint="78.4" numOfShang="0">
                <players name="LongLV" point="9.0" top="2" playerPoint="27.2"/>
                <players name="V" point="4.0" top="1" playerPoint="33.2"/>
                <players name="Blue" point="10.0" top="3" playerPoint="18.0"/>
            </team2>
        </matches>
        <matches id="20161224_133000_000_00" result="0-1" matchPoint="-11.600000000000009" date="2016-12-24T13:30:00.000Z">
            <team1 teampoint="84.8" numOfShang="0">
                <players name="Sonic3k" point="9.0" top="2" playerPoint="27.2"/>
                <players name="Hieupx" point="6.0" top="2" playerPoint="24.8"/>
                <players name="crooks" point="7.0" top="3" playerPoint="15.600000000000001"/>
                <players name="bikini" point="9.0" top="3" playerPoint="17.2"/>
            </team1>
            <team2 teampoint="96.4" numOfShang="0">
                <players name="LongLV" point="9.0" top="2" playerPoint="27.2"/>
                <players name="V" point="4.0" top="1" playerPoint="33.2"/>
                <players name="Blue" point="10.0" top="3" playerPoint="18.0"/>
                <players name="fap" point="10.0" top="3" playerPoint="18.0"/>
            </team2>
        </matches>
        <matches id="20161225_133000_000_00" result="2-1" matchPoint="-18.4" date="2016-12-25T13:30:00.000Z">
            <team1 teampoint="33.6" numOfShang="2">
                <players name="crooks" point="7.0" top="3" playerPoint="15.600000000000001"/>
                <players name="Blue" point="10.0" top="3" playerPoint="18.0"/>
            </team1>
            <team2 teampoint="52.0" numOfShang="0">
                <players name="Hieupx" point="6.0" top="2" playerPoint="24.8"/>
                <players name="LongLV" point="9.0" top="2" playerPoint="27.2"/>
            </team2>
        </matches>
        <matches id="20161226_173000_000_00" result="1-0" matchPoint="-1.59999999999998" date="2016-12-26T17:30:00.000Z">
            <team1 teampoint="100.80000000000001" numOfShang="0">
                <players name="Sonic3k" point="9.0" top="2" playerPoint="27.2"/>
                <players name="Ho" point="4.0" top="1" playerPoint="33.2"/>
                <players name="Hieupx" point="6.0" top="2" playerPoint="24.8"/>
                <players name="crooks" point="7.0" top="3" playerPoint="15.600000000000001"/>
            </team1>
            <team2 teampoint="102.39999999999999" numOfShang="0">
                <players name="V" point="3.0" top="1" playerPoint="32.4"/>
                <players name="Doman" point="9.0" top="2" playerPoint="27.2"/>
                <players name="X" point="6.0" top="2" playerPoint="24.8"/>
                <players name="Blue" point="10.0" top="3" playerPoint="18.0"/>
            </team2>
        </matches>
        <matches id="20161227_120000_000_00" result="1-2" matchPoint="1.9999999999999858" date="2016-12-27T12:00:00.000Z">
            <team1 teampoint="103.6" numOfShang="0">
                <players name="Sonic3k" point="9.0" top="2" playerPoint="27.2"/>
                <players name="Farmer" point="3.0" top="2" playerPoint="22.4"/>
                <players name="ozawa" point="1.0" top="2" playerPoint="20.8"/>
                <players name="Ho" point="4.0" top="1" playerPoint="33.2"/>
            </team1>
            <team2 teampoint="101.60000000000001" numOfShang="0">
                <players name="V" point="3.0" top="1" playerPoint="32.4"/>
                <players name="Hieupx" point="6.0" top="2" playerPoint="24.8"/>
                <players name="Doman" point="9.0" top="2" playerPoint="27.2"/>
                <players name="bikini" point="9.0" top="3" playerPoint="17.2"/>
            </team2>
        </matches>
        <matches id="20161227_120000_000_01" result="1-2" matchPoint="5.999999999999986" date="2016-12-27T12:00:00.000Z">
            <team1 teampoint="75.19999999999999" numOfShang="2">
                <players name="Sonic3k" point="9.0" top="2" playerPoint="27.2"/>
                <players name="steve" point="7.0" top="3" playerPoint="15.600000000000001"/>
                <players name="V" point="3.0" top="1" playerPoint="32.4"/>
            </team1>
            <team2 teampoint="69.2" numOfShang="0">
                <players name="Hieupx" point="6.0" top="2" playerPoint="24.8"/>
                <players name="Doman" point="9.0" top="2" playerPoint="27.2"/>
                <players name="bikini" point="9.0" top="3" playerPoint="17.2"/>
            </team2>
        </matches>
        <matches id="20161227_120000_000_02" result="1-2" matchPoint="-8.0" date="2016-12-27T12:00:00.000Z">
            <team1 teampoint="84.8" numOfShang="2">
                <players name="Sonic3k" point="9.0" top="2" playerPoint="27.2"/>
                <players name="steve" point="7.0" top="3" playerPoint="15.600000000000001"/>
                <players name="Hieupx" point="6.0" top="2" playerPoint="24.8"/>
                <players name="bikini" point="9.0" top="3" playerPoint="17.2"/>
            </team1>
            <team2 teampoint="92.8" numOfShang="0">
                <players name="V" point="3.0" top="1" playerPoint="32.4"/>
                <players name="Doman" point="9.0" top="2" playerPoint="27.2"/>
                <players name="Ho" point="4.0" top="1" playerPoint="33.2"/>
            </team2>
        </matches>
        <matches id="20170109_120000_000_00" result="2-1" matchPoint="0.8000000000000114" date="2017-01-09T12:00:00.000Z">
            <team1 teampoint="91.60000000000001" numOfShang="0">
                <players name="Sonic3k" point="9.0" top="2" playerPoint="27.2"/>
                <players name="Hieupx" point="6.0" top="2" playerPoint="24.8"/>
                <players name="Farmer" point="3.0" top="2" playerPoint="22.4"/>
                <players name="bikini" point="9.0" top="3" playerPoint="17.2"/>
            </team1>
            <team2 teampoint="90.8" numOfShang="0">
                <players name="V" point="3.0" top="1" playerPoint="32.4"/>
                <players name="LongLV" point="9.0" top="2" playerPoint="27.2"/>
                <players name="Doman" point="9.0" top="2" playerPoint="27.2"/>
                <players name="peotuan" point="5.0" top="4" playerPoint="4.0"/>
            </team2>
        </matches>
        <matches id="20170109_120000_000_01" result="2-1" matchPoint="1.9999999999999858" date="2017-01-09T12:00:00.000Z">
            <team1 teampoint="85.19999999999999" numOfShang="0">
                <players name="thaytu" point="4.0" top="1" playerPoint="33.2"/>
                <players name="ozawa" point="1.0" top="2" playerPoint="20.8"/>
                <players name="crooks" point="7.0" top="3" playerPoint="15.600000000000001"/>
                <players name="steve" point="7.0" top="3" playerPoint="15.600000000000001"/>
            </team1>
            <team2 teampoint="83.2" numOfShang="0">
                <players name="Sonic3k" point="9.0" top="2" playerPoint="27.2"/>
                <players name="Hieupx" point="6.0" top="2" playerPoint="24.8"/>
                <players name="Doman" point="9.0" top="2" playerPoint="27.2"/>
                <players name="peotuan" point="5.0" top="4" playerPoint="4.0"/>
            </team2>
        </matches>
        <matches id="20170109_173000_000_00" result="2-1" matchPoint="1.4210854715202004E-14" date="2017-01-09T17:30:00.000Z">
            <team1 teampoint="91.60000000000001" numOfShang="0">
                <players name="Sonic3k" point="9.0" top="2" playerPoint="27.2"/>
                <players name="Hieupx" point="6.0" top="2" playerPoint="24.8"/>
                <players name="Farmer" point="3.0" top="2" playerPoint="22.4"/>
                <players name="bikini" point="9.0" top="3" playerPoint="17.2"/>
            </team1>
            <team2 teampoint="91.6" numOfShang="0">
                <players name="Ho" point="4.0" top="1" playerPoint="33.2"/>
                <players name="X" point="6.0" top="2" playerPoint="24.8"/>
                <players name="crooks" point="7.0" top="3" playerPoint="15.600000000000001"/>
                <players name="fap" point="10.0" top="3" playerPoint="18.0"/>
            </team2>
        </matches>
        <matches id="20170109_190000_000_00" result="2-1" matchPoint="-0.4000000000000199" date="2017-01-09T19:00:00.000Z">
            <team1 teampoint="98.39999999999999" numOfShang="0">
                <players name="Sonic3k" point="9.0" top="2" playerPoint="27.2"/>
                <players name="V" point="3.0" top="1" playerPoint="32.4"/>
                <players name="ozawa" point="1.0" top="2" playerPoint="20.8"/>
                <players name="Blue" point="10.0" top="3" playerPoint="18.0"/>
            </team1>
            <team2 teampoint="98.80000000000001" numOfShang="0">
                <players name="Tomcat" point="10.0" top="1" playerPoint="38.0"/>
                <players name="Doman" point="9.0" top="2" playerPoint="27.2"/>
                <players name="crooks" point="7.0" top="3" playerPoint="15.600000000000001"/>
                <players name="fap" point="10.0" top="3" playerPoint="18.0"/>
            </team2>
        </matches>
        <matches id="20170111_173000_000_00" result="0-1" matchPoint="3.200000000000017" date="2017-01-11T17:30:00.000Z">
            <team1 teampoint="103.20000000000002" numOfShang="0">
                <players name="Sonic3k" point="9.0" top="2" playerPoint="27.2"/>
                <players name="thaytu" point="4.0" top="1" playerPoint="33.2"/>
                <players name="Doman" point="9.0" top="2" playerPoint="27.2"/>
                <players name="steve" point="7.0" top="3" playerPoint="15.600000000000001"/>
            </team1>
            <team2 teampoint="100.0" numOfShang="0">
                <players name="Tomcat" point="10.0" top="1" playerPoint="38.0"/>
                <players name="ozawa" point="1.0" top="2" playerPoint="20.8"/>
                <players name="crooks" point="7.0" top="3" playerPoint="15.600000000000001"/>
                <players name="Hieupx" point="7.0" top="2" playerPoint="25.6"/>
            </team2>
        </matches>
        <matches id="20170112_120000_000_00" result="0-3" matchPoint="-3.5999999999999943" date="2017-01-12T12:00:00.000Z">
            <team1 teampoint="104.0" numOfShang="0">
                <players name="Sonic3k" point="9.0" top="2" playerPoint="27.2"/>
                <players name="Farmer" point="3.0" top="2" playerPoint="22.4"/>
                <players name="Doman" point="9.0" top="2" playerPoint="27.2"/>
                <players name="LongLV" point="9.0" top="2" playerPoint="27.2"/>
            </team1>
            <team2 teampoint="107.6" numOfShang="0">
                <players name="Hieupx" point="7.0" top="2" playerPoint="25.6"/>
                <players name="Chay___dan" point="9.0" top="2" playerPoint="27.2"/>
                <players name="V" point="3.0" top="1" playerPoint="32.4"/>
                <players name="Blue" point="3.0" top="2" playerPoint="22.4"/>
            </team2>
        </matches>
    </history>
</aoeLeague>
